year,swedish_born,foreign_born,flag,gap
1997,10.9,19.0,,8.1
1998,13.4,19.9,,6.5
1999,14.4,22.7,,8.3
2000,14.6,21.6,,7.0
2001,11.2,16.0,b,4.8
2002,11.2,15.1,,3.9
2003,14.3,20.7,,6.4
2004,13.2,18.7,,5.5
2005,15.7,21.5,b,5.8
2006,18.0,23.5,,5.5
2007,19.5,24.9,,5.4
2008,19.0,24.7,,5.7
2009,16.4,21.3,,4.9
2010,17.1,22.4,,5.3
2011,19.5,25.2,,5.7
2012,18.6,24.7,,6.1
2013,18.3,24.5,,6.2
2014,18.8,25.3,,6.5
2015,19.5,25.8,,6.3
2016,20.0,27.1,,7.1
2017,20.6,27.6,,7.0
2018,20.1,29.5,b,9.4
2019,19.6,28.5,,8.9
2020,17.3,25.3,,8.0
2021,16.1,23.8,b,7.7
2022,18.7,25.6,,6.9
2023,17.8,22.7,,4.9
2024,15.4,20.7,,5.3
2025,14.1,19.4,,5.3
